clinic_name,practice_type,address,city,state,postal_code,phone,website,email,clinic_size,billing_prediction,npi
ADDISON BEHAVIORAL HEALTH LLC,"Clinic/Center, Mental Health (Including Community Mental Health Center)",721 W LAKE ST STE 203,ADDISON,IL,60101,(630) 306-2626,www.addisonbehavioralhealth.com,contact@addisonbehavioralhealth.com,Solo or Small,Medium,1902769060
AIGAS FOUNDATION INC,"Counselor; Counselor, Addiction (Substance Use Disorder)",211 E LAKE ST STE 1C,ADDISON,IL,60101,(773) 817-5928,www.aigasfoundation.com,contact@aigasfoundation.com,Solo or Small,Medium,1619687878
"ADAPT OF ILLINOIS, INC.","Clinic/Center, Mental Health (Including Community Mental Health Center)",3490 HUMBERT RD,ALTON,IL,62002,(877) 553-9440,www.adaptofillinois.com,contact@adaptofillinois.com,Solo or Small,Medium,1780562884
"ABSOLUTE MEDICAL & DIAGNOSTIC CENTER, SC","Psychiatry & Neurology, Neurology; Chiropractor, Neurology",1655 N ARLINGTON HEIGHTS RD STE 101W,ARLINGTON HEIGHTS,IL,60004,(847) 870-8955,www.absolutemedicaldiagnosticcentersc.com,contact@absolutemedicaldiagnosticcentersc.com,Small Group,High,1205959434
ADI PEDIATRIC BEHAVIORAL HEALTH,"Psychiatry & Neurology, Psychiatry",1100 W CENTRAL #405,ARLINGTON HEIGHTS,IL,60005,(847) 577-7705,www.adipediatricbehavioralhealth.com,contact@adipediatricbehavioralhealth.com,Solo or Small,Medium,1225134976
ADVENT NEUROLOGY SC,"Psychiatry & Neurology, Neurology",657 E GOLF RD SUITE 304,ARLINGTON HEIGHTS,IL,60005,(847) 640-7377,www.adventneurologysc.com,contact@adventneurologysc.com,Solo or Small,Medium,1205913308
LAKE-COOK PSYCHOLOGIST AND COUNSELING,"Psychologist, Counseling",3285 N ARLINGTON HEIGHTS RD SUITE 201,ARLINGTON HEIGHTS,IL,60004,(847) 577-1501,www.lakecookpsychologistandcounseling.com,contact@lakecookpsychologistandcounseling.com,Solo or Small,Medium,1588745194
"ADVANCED NEUROLOGY, LTD","Psychiatry & Neurology, Neurology",3295 N ARLINGTON HEIGHTS RD STE 102,ARLINGTON HTS,IL,60004,(847) 650-9509,www.advancedneurologyltd.com,contact@advancedneurologyltd.com,Solo or Small,Medium,1902005010
"ALLEN KUO, D.O.S.C.","Psychiatry & Neurology, Psychiatry",18-2 E DUNDEE RD STE 140,BARRINGTON,IL,60010,(847) 737-5277,www.allenkuodosc.com,contact@allenkuodosc.com,Solo or Small,Medium,1912439415
KIDS SPOT THERAPY,"Social Worker, Clinical; Psychologist, Counseling",330 E. MAIN STREET #216,BARRINGTON,IL,60010,(224) 707-0156,www.kidsspottherapy.com,contact@kidsspottherapy.com,Solo or Small,Medium,1336811850
"A PLUS WELLNESS, PLLC","Clinic/Center, Mental Health (Including Community Mental Health Center)",135 TROUTMAN DR,BARTLETT,IL,60103,(630) 398-9943,www.apluswellnesspllc.com,contact@apluswellnesspllc.com,Solo or Small,Medium,1598538050
ADVANCED ORTHOPAEDIC AND NEUROLOGIC ASSOCIATES,"Orthopaedic Surgery; Psychiatry & Neurology, Neurology",1691 S RTE 59,BARTLETT,IL,60103,(630) 372-1100,www.advancedorthopaedicandneurologicassociates.com,contact@advancedorthopaedicandneurologicassociates.com,Small Group,High,1669593935
LIGHT THE WAY COUNSELING PLLC,"Psychologist, Counseling",106 W WILSON ST STE 4L,BATAVIA,IL,60510,(630) 903-1810,www.lightthewaycounselingpllc.com,contact@lightthewaycounselingpllc.com,Solo or Small,Medium,1609596618
"ADAPT OF ILLINOIS, INC.","Clinic/Center, Mental Health (Including Community Mental Health Center)",2600 WEST BLVD,BELLEVILLE,IL,62221,(877) 553-9440,www.adaptofillinois.com,contact@adaptofillinois.com,Solo or Small,Medium,1548321250
"ADAPT OF ILLINOIS, INC.","Community Based Residential Treatment Facility, Mental Illness; Clinic/Center, Mental Health (Including Community Mental Health Center)",20 N 9TH ST,BELLEVILLE,IL,62220,(877) 553-9440,www.adaptofillinois.com,contact@adaptofillinois.com,Solo or Small,Medium,1720370489
"ADAPT OF ILLINOIS, INC.","Community Based Residential Treatment Facility, Mental Illness; Clinic/Center, Mental Health (Including Community Mental Health Center)",7 KIRCHER PL,BELLEVILLE,IL,62220,(877) 553-9440,www.adaptofillinois.com,contact@adaptofillinois.com,Solo or Small,Medium,1780935965
"ADAPT OF ILLINOIS, INC.","Clinic/Center, Mental Health (Including Community Mental Health Center)",2600 WEST BLVD,BELLEVILLE,IL,62221,(877) 553-9440,www.adaptofillinois.com,contact@adaptofillinois.com,Solo or Small,Medium,1164714721
"HAVE FAITH MINISTRIES, INC.","Counselor, Pastoral; Psychologist, Counseling",1720 N BELT W,BELLEVILLE,IL,62226,(800) 505-8051,www.havefaithministries.com,contact@havefaithministries.com,Solo or Small,Medium,1053615344
AFS COUNSELING SERVICES P.C.,"Counselor, Mental Health",6420 CERMAK RD,BERWYN,IL,60402,(708) 462-2736,www.afscounselingservicespc.com,contact@afscounselingservicespc.com,Solo or Small,Medium,1639811391
"ADVANCE PSYCHIATRY & COUNSELING, SC.","Psychiatry & Neurology, Psychiatry",1 TIFFANY PT STE 206,BLOOMINGDALE,IL,60108,(630) 924-1160,www.advancepsychiatrycounselingsc.com,contact@advancepsychiatrycounselingsc.com,Small Group,High,1669563789
"ALLYSON HAWKINS, PH.D. PROFESSIONAL COUNSELING SERVICES","Clinic/Center, Adult Mental Health; Psychologist, Counseling",2416 E WASHINGTON ST STE A7,BLOOMINGTON,IL,61704,(309) 532-0481,www.allysonhawkinsphdprofessionalcounselingservices.com,contact@allysonhawkinsphdprofessionalcounselingservices.com,Solo or Small,Medium,1578222774
"GAGGLE.NET, INC.","Counselor; Counselor, School",1701 E EMPIRE ST STE 258,BLOOMINGTON,IL,61704,(800) 288-7750,www.gagglenet.com,contact@gagglenet.com,Solo or Small,Medium,1598389918
"JEFF D. KAZMIERCZAK, PSY.D., P.C.","Psychologist, Adult Development & Aging; Psychologist, Clinical",19 HERITAGE DR SUITE 211,BOURBONNAIS,IL,60914,(815) 933-8760,www.jeffdkazmierczakpsydpc.com,contact@jeffdkazmierczakpsydpc.com,Solo or Small,Medium,1316203896
"ACACIA COUNSELING, PLLC","Counselor, Mental Health",4136 DEYO AVE,BROOKFIELD,IL,60513,(414) 839-6567,www.acaciacounselingpllc.com,contact@acaciacounselingpllc.com,Solo or Small,Medium,1598433716
AFFILIATED MENTAL HEALTH PROFESSIONALS,"Psychiatry & Neurology, Psychiatry",135 N ARLINGTON HEIGHTS RD STE 105,BUFFALO GROVE,IL,60089,(847) 291-8810,www.affiliatedmentalhealthprofessionals.com,contact@affiliatedmentalhealthprofessionals.com,Solo or Small,Medium,1679531792
9 & GREY PLLC,"Clinic/Center, Mental Health (Including Community Mental Health Center)",5851 W 82ND ST,BURBANK,IL,60459,(630) 438-3744,www.9greypllc.com,contact@9greypllc.com,Small Group,High,1073497426
"INSPIRE CARE CENTER, LLC","Counselor, Mental Health; Behavior Analyst",15W150 S FRONTAGE RD,BURR RIDGE,IL,60527,(630) 566-3507,www.inspirecarecenter.com,contact@inspirecarecenter.com,Small Group,High,1801594635
290 THERAPY LLC,"Clinic/Center, Mental Health (Including Community Mental Health Center)",811 GREENBAY AVE,CALUMET CITY,IL,60409,(309) 490-4853,www.290therapy.com,contact@290therapy.com,Solo or Small,Medium,1710799796
ADVANCED SLEEP INSTITUTE LLC,"Psychiatry & Neurology, Neurology; Psychiatry & Neurology, Sleep Medicine",2731 WEST MAIN SUITE C,CARBONDALE,IL,62901,(618) 519-9999,www.advancedsleepinstitute.com,contact@advancedsleepinstitute.com,Solo or Small,Medium,1184969420
ALBANY CLINIC LLC,"Psychiatry & Neurology, Psychiatry; Anesthesiology",35 ALBANY RD,CARBONDALE,IL,62903,(888) 804-4330,www.albanyclinic.com,contact@albanyclinic.com,Small Group,High,1780310391
HOPE AND HARMONY WELLNESS GROUP PLLC,"Psychologist, Counseling; Psychologist, Clinical Child & Adolescent",810 N WALL ST,CARBONDALE,IL,62901,(310) 270-5878,www.hopeandharmonywellnessgrouppllc.com,contact@hopeandharmonywellnessgrouppllc.com,Small Group,High,1922612571
JAMIE STEVENS COUNSELING SERVICES LLC,"Psychologist, Counseling",1701 S PROSPECT AVE STE 101,CHAMPAIGN,IL,61820,(217) 621-8533,www.jamiestevenscounselingservices.com,contact@jamiestevenscounselingservices.com,Solo or Small,Medium,1124725411
1 CARE INC.,"Counselor, Mental Health; Psychologist",4800 S CHICAGO BEACH DR SUITE 901N,CHICAGO,IL,60615,(773) 251-4625,www.1care.com,contact@1care.com,Solo or Small,Medium,1942649421
1863FWD CARE 2 CARE NFP,"Clinic/Center, Mental Health (Including Community Mental Health Center); Clinic/Center, Adolescent and Children Mental Health",243 W 95TH ST,CHICAGO,IL,60628,(708) 491-3303,www.1863fwdcare2carenfp.com,contact@1863fwdcare2carenfp.com,Solo or Small,Medium,1790472355
"24 HOURS TELEHEALTH, PLLC","Psychiatry & Neurology, Psychiatry",4822 S KING DR UNIT 1N,CHICAGO,IL,60615,(901) 292-1241,www.24hourstelehealthpllc.com,contact@24hourstelehealthpllc.com,Solo or Small,Medium,1548015647
312 PSYCH SERVICES PLLC,"Clinic/Center, Mental Health (Including Community Mental Health Center)",226 N CLINTON ST APT 321,CHICAGO,IL,60661,(773) 759-2036,www.312psychservicespllc.com,contact@312psychservicespllc.com,Solo or Small,Medium,1538850276
360 TALK THERAPY INC,"Registered Nurse, Psych/Mental Health, Adult; Counselor, Mental Health",400 W 76TH ST STE 303,CHICAGO,IL,60620,(888) 338-6232,www.360talktherapy.com,contact@360talktherapy.com,Solo or Small,Medium,1942916572
4GCONCEPTS,"Counselor, Mental Health; Counselor, Professional",2608 W 100TH ST,CHICAGO,IL,60655,(773) 612-4784,www.4gconcepts.com,contact@4gconcepts.com,Solo or Small,Medium,1881371979
5D PSYCHIATRY PLLC,"Psychiatry & Neurology, Psychiatry",1505 E 53RD ST STE 2E,CHICAGO,IL,60615,(312) 529-0013,www.5dpsychiatrypllc.com,contact@5dpsychiatrypllc.com,Solo or Small,Medium,1134952930
"A BEAUTIFUL MIND, INC","Clinic/Center, Adult Mental Health; Clinic/Center, Adolescent and Children Mental Health",5113 S HARPER AVE # 2C,CHICAGO,IL,60615,(773) 304-3699,www.abeautifulmind.com,contact@abeautifulmind.com,Solo or Small,Medium,1851959357
"A BEAUTIFUL MIND, INC","Counselor, Mental Health; Clinic/Center, Mental Health (Including Community Mental Health Center)",5113 S HARPER AVE STE 2C,CHICAGO,IL,60615,(312) 340-8826,www.abeautifulmind.com,contact@abeautifulmind.com,Solo or Small,Medium,1245036672
"A BEAUTIFUL MIND, INC","Clinic/Center, Mental Health (Including Community Mental Health Center); Community Based Residential Treatment Facility, Mental Illness",9046 S JUSTINE ST APT 2,CHICAGO,IL,60620,(773) 304-6999,www.abeautifulmind.com,contact@abeautifulmind.com,Solo or Small,Medium,1245830298
"A BEAUTIFUL MIND, INC","Counselor; Counselor, Addiction (Substance Use Disorder)",5113 S HARPER AVE STE 2C,CHICAGO,IL,60615,(773) 304-3699,www.abeautifulmind.com,contact@abeautifulmind.com,Solo or Small,Medium,1841947827
"A CURIOUS HEART PSYCHOTHERAPY, PLLC","Counselor, Mental Health",230 E OHIO ST STE 410-1870,CHICAGO,IL,60611,(708) 428-3800,www.acuriousheartpsychotherapypllc.com,contact@acuriousheartpsychotherapypllc.com,Solo or Small,Medium,1679355614
A LISTENING EAR THERAPEUTIC SERVICES,"Social Worker; Counselor, Mental Health",332 S MICHIGAN AVE STE 121,CHICAGO,IL,60604,(708) 359-5626,www.alisteningeartherapeuticservices.com,contact@alisteningeartherapeuticservices.com,Solo or Small,Medium,1598456881
A NEW DAY MENTAL WELLNESS CENTER LLC,"Counselor, Mental Health",6127 S UNIVERSITY AVE,CHICAGO,IL,60637,(312) 508-3829,www.anewdaymentalwellnesscenter.com,contact@anewdaymentalwellnesscenter.com,Small Group,High,1386296168
"A SAFE HAVEN, L.L.C.","Clinic/Center, Mental Health (Including Community Mental Health Center)",1930 S WABASH AVE STE C1,CHICAGO,IL,60616,(312) 372-6707,www.asafehaven.com,contact@asafehaven.com,Solo or Small,Medium,1770199689
"A SAFE HAVEN, L.L.C.","Clinic/Center, Mental Health (Including Community Mental Health Center)",600 S WABASH AVE,CHICAGO,IL,60605,(312) 372-6707,www.asafehaven.com,contact@asafehaven.com,Solo or Small,Medium,1114533924
"A SAFE HAVEN, L.L.C.","Clinic/Center, Mental Health (Including Community Mental Health Center)",3857 W POLK ST,CHICAGO,IL,60624,(312) 372-6707,www.asafehaven.com,contact@asafehaven.com,Solo or Small,Medium,1821872565
"A SAFE HAVEN, L.L.C.","Clinic/Center, Mental Health (Including Community Mental Health Center)",7342-46 S KINGSTON,CHICAGO,IL,60649,(312) 372-6707,www.asafehaven.com,contact@asafehaven.com,Solo or Small,Medium,1386250199
"A SAFE HAVEN, L.L.C.","Clinic/Center, Mental Health (Including Community Mental Health Center)",7355 N DAMEN AVE,CHICAGO,IL,60645,(312) 372-6707,www.asafehaven.com,contact@asafehaven.com,Solo or Small,Medium,1235745142
"A SAFE HAVEN, L.L.C.","Clinic/Center, Mental Health (Including Community Mental Health Center); Clinic/Center, Adult Mental Health",17 N STATE ST STE 210,CHICAGO,IL,60602,(312) 372-6707,www.asafehaven.com,contact@asafehaven.com,Solo or Small,Medium,1528881059
"A SAFE HAVEN, L.L.C.","Clinic/Center, Mental Health (Including Community Mental Health Center); Clinic/Center, Adult Mental Health",2750 W ROOSEVELT RD,CHICAGO,IL,60608,(312) 372-6707,www.asafehaven.com,contact@asafehaven.com,Solo or Small,Medium,1568949329
A YANSSANEH PLLC,"Psychiatry & Neurology, Psychiatry",1322 S PRAIRIE AVE UNIT 1208,CHICAGO,IL,60605,(210) 995-2424,www.ayanssanehpllc.com,contact@ayanssanehpllc.com,Solo or Small,Medium,1730051194
"ABBIE KELLEY, LLC","Counselor, Mental Health",2000 N RACINE AVE SUITE 2184,CHICAGO,IL,60614,(312) 485-3669,www.abbiekelley.com,contact@abbiekelley.com,Solo or Small,Medium,1386048825
ABLE PSYCHIATRY LLC,"Psychiatry & Neurology, Psychiatry",561 W. DIVERSEY PKWY SUITE 210,CHICAGO,IL,60614,(773) 906-4546,www.ablepsychiatry.com,contact@ablepsychiatry.com,Solo or Small,Medium,1588019517
ABOVE & BEYOND FAMILY RECOVERY CENTER,"Clinic/Center, Mental Health (Including Community Mental Health Center)",2942 W LAKE ST,CHICAGO,IL,60612,(773) 940-2960,www.abovebeyondfamilyrecoverycenter.com,contact@abovebeyondfamilyrecoverycenter.com,Small Group,High,1831941582
ABOVE THE LIGHT PLLC,"Clinic/Center, Mental Health (Including Community Mental Health Center); Clinic/Center, Multi-Specialty",4143 W 59TH ST,CHICAGO,IL,60629,(312) 566-8294,www.abovethelightpllc.com,contact@abovethelightpllc.com,Solo or Small,Medium,1235796061
ABRAHAM LINCOLN CENTRE,"Case Management; Day Training, Developmentally Disabled Services",3858 S COTTAGE GROVE AVE,CHICAGO,IL,60653,(773) 285-1390,www.abrahamlincolncentre.com,contact@abrahamlincolncentre.com,Solo or Small,Medium,1578606653
ACCEPTING LLC,"Counselor, Addiction (Substance Use Disorder); Counselor, Mental Health",107 W VAN BUREN ST STE 205,CHICAGO,IL,60605,(312) 373-0782,www.accepting.com,contact@accepting.com,Solo or Small,Medium,1659885218
"ACCL, LLC","Counselor, Mental Health",1925 N MILWAUKEE AVE,CHICAGO,IL,60647,(773) 576-7032,www.accl.com,contact@accl.com,Solo or Small,Medium,1124424064
"ACTION TO HEALING, LLC","Counselor, Mental Health; Social Worker",175 N HARBOR DR APT 403,CHICAGO,IL,60601,(773) 331-3519,www.actiontohealing.com,contact@actiontohealing.com,Solo or Small,Medium,1730069683
ACTIVE THERAPIES LLC,"Counselor, Mental Health",5746 N VIRGINIA AVE,CHICAGO,IL,60659,(773) 562-3558,www.activetherapies.com,contact@activetherapies.com,Solo or Small,Medium,1427703289
"ADA S MCKINLEY COMMUNITY SERVICES, INC.","Clinic/Center, Mental Health (Including Community Mental Health Center)",2525 S MICHIGAN AVE FL 6,CHICAGO,IL,60616,(773) 918-6120,www.adasmckinleycommunityservices.com,contact@adasmckinleycommunityservices.com,Solo or Small,Medium,1881448066
"ADA S MCKINLEY COMMUNITY SERVICES, INC.","Clinic/Center, Mental Health (Including Community Mental Health Center)",8741 S GREENWOOD AVE FL 2,CHICAGO,IL,60619,(773) 780-0050,www.adasmckinleycommunityservices.com,contact@adasmckinleycommunityservices.com,Solo or Small,Medium,1073088001
ADA S MCKINLEY COMMUNITY SVCS,"Clinic/Center, Mental Health (Including Community Mental Health Center)",6033 S WENTWORTH AVE,CHICAGO,IL,60621,(773) 918-6100,www.adasmckinleycommunitysvcs.com,contact@adasmckinleycommunitysvcs.com,Solo or Small,Medium,1316718869
ADA S MCKINLEY COMMUNITY SVCS,"Clinic/Center, Mental Health (Including Community Mental Health Center)",8741 S GREENWOOD AVE FL 2,CHICAGO,IL,60619,(773) 918-6100,www.adasmckinleycommunitysvcs.com,contact@adasmckinleycommunitysvcs.com,Solo or Small,Medium,1437324100
ADA S MCKINLEY COMMUNITY SVCS,"Clinic/Center, Mental Health (Including Community Mental Health Center)",2659 W 59TH ST,CHICAGO,IL,60629,(773) 434-5577,www.adasmckinleycommunitysvcs.com,contact@adasmckinleycommunitysvcs.com,Solo or Small,Medium,1780859447
"ADA S. MCKINLEY COMMUNITY SERVICES, INC.","Clinic/Center, Mental Health (Including Community Mental Health Center)",2715 W. 63RD STREET,CHICAGO,IL,60629,(773) 918-6100,www.adasmckinleycommunityservices.com,contact@adasmckinleycommunityservices.com,Solo or Small,Medium,1841304219
"ADAPT OF ILLINOIS, INC.","Clinic/Center, Mental Health (Including Community Mental Health Center)",901 S AUSTIN BLVD,CHICAGO,IL,60644,(877) 553-9440,www.adaptofillinois.com,contact@adaptofillinois.com,Solo or Small,Medium,1811289473
"ADAPT OF ILLINOIS, INC.","Clinic/Center, Mental Health (Including Community Mental Health Center)",5838 N SHERIDAN RD,CHICAGO,IL,60660,(877) 553-9440,www.adaptofillinois.com,contact@adaptofillinois.com,Solo or Small,Medium,1174815732
ADAPT PSYCHOLOGICAL SERVICES,"Psychologist, Clinical; Clinic/Center, Mental Health (Including Community Mental Health Center)",3046 W ARMITAGE AVE,CHICAGO,IL,60647,(872) 588-6011,www.adaptpsychologicalservices.com,contact@adaptpsychologicalservices.com,Solo or Small,Medium,1073183554
ADRIANNE HARKLESS LCPC PLLC,"Clinic/Center, Mental Health (Including Community Mental Health Center)",2425 N AVERS AVE APT 1,CHICAGO,IL,60647,(724) 866-7144,www.adrianneharklesslcpcpllc.com,contact@adrianneharklesslcpcpllc.com,Solo or Small,Medium,1699390716
ADVANCED CARE SPECIALIST GROUP LLC,"Psychiatry & Neurology, Neurology",5907 W 63RD ST,CHICAGO,IL,60638,(708) 843-3308,www.advancedcarespecialistgroup.com,contact@advancedcarespecialistgroup.com,Small Group,High,1861956849
"ADVANCED PSYCHIATRY CLINICS, S.C.","Psychiatry & Neurology, Psychiatry",5519 N CUMBERLAND AVE STE 1016,CHICAGO,IL,60656,(708) 224-8840,www.advancedpsychiatryclinicssc.com,contact@advancedpsychiatryclinicssc.com,Small Group,High,1164047833
ADVOCACY & EDUCATION CONSULTING PLLC,"Counselor, Mental Health; Counselor, Professional",7132 N HARLEM AVE STE 102,CHICAGO,IL,60631,(847) 701-4533,www.advocacyeducationconsultingpllc.com,contact@advocacyeducationconsultingpllc.com,Small Group,High,1659048858
"AE COLLECTIVE, PLLC","Clinic/Center, Mental Health (Including Community Mental Health Center)",1 E ERIE ST STE 525-2824,CHICAGO,IL,60611,(773) 649-3002,www.aecollectivepllc.com,contact@aecollectivepllc.com,Solo or Small,Medium,1093523110
AFFECTIVE PSYCHIATRY PLLC,"Psychiatry & Neurology, Psychiatry",410 S MICHIGAN AVE STE 422,CHICAGO,IL,60605,(312) 248-0230,www.affectivepsychiatrypllc.com,contact@affectivepsychiatrypllc.com,Solo or Small,Medium,1790552859
AFFINITY HOLISTIC COUNSELING,"Counselor, Mental Health",3717 N RAVENSWOOD AVE STE 211,CHICAGO,IL,60613,(720) 589-1053,www.affinityholisticcounseling.com,contact@affinityholisticcounseling.com,Solo or Small,Medium,1154284271
AFTERGLOW COUNSELING LLC,"Counselor, Mental Health",6147 N SHERIDAN RD,CHICAGO,IL,60660,(219) 306-5488,www.afterglowcounseling.com,contact@afterglowcounseling.com,Solo or Small,Medium,1891415501
AHEAD ILLINOIS MEDICAL SERVICE CORPORATION,"Psychiatry & Neurology, Psychiatry",1 E ERIE ST STE 525,CHICAGO,IL,60611,(855) 306-7786,www.aheadillinoismedicalservicecorporation.com,contact@aheadillinoismedicalservicecorporation.com,Solo or Small,Medium,1598430886
AISHAH YANSSANEH LLC,"Psychiatry & Neurology, Psychiatry",155 N HARBOR DR APT 4004,CHICAGO,IL,60601,(210) 995-2424,www.aishahyanssaneh.com,contact@aishahyanssaneh.com,Solo or Small,Medium,1265150544
"ALAN H. GOLDBERG, M.D.,S.C.","Psychiatry & Neurology, Psychiatry",845 N MICHIGAN AVE #977W,CHICAGO,IL,60611,(312) 337-7654,www.alanhgoldbergmdsc.com,contact@alanhgoldbergmdsc.com,Solo or Small,Medium,1992006928
ALAN TONY AMBERG PLLC,"Psychiatry & Neurology, Psychiatry",333 N MICHIGAN AVE STE 2017,CHICAGO,IL,60601,(312) 229-0029,www.alantonyambergpllc.com,contact@alantonyambergpllc.com,Solo or Small,Medium,1922767573
ALDAD MEDICAL PC,"Psychiatry & Neurology, Psychiatry",159 N SANGAMON ST STE 200&300,CHICAGO,IL,60607,(516) 505-7200,www.aldadmedicalpc.com,contact@aldadmedicalpc.com,Solo or Small,Medium,1013514447
ALEKSANDRA STOBNICKI MD VIOLETA AVRAMOV MD SC,"Physical Therapist; Psychiatry & Neurology, Neurology",7447 W TALCOTT AVE SUITE 427,CHICAGO,IL,60631,(773) 775-2323,www.aleksandrastobnickimdvioletaavramovmdsc.com,contact@aleksandrastobnickimdvioletaavramovmdsc.com,Solo or Small,Medium,1780622266
ALEXANDER E OBOLSKY MD PC,"Psychiatry & Neurology, Psychiatry",100 W MONROE ST SUITE 1107,CHICAGO,IL,60603,(312) 456-4343,www.alexandereobolskymdpc.com,contact@alexandereobolskymdpc.com,Solo or Small,Medium,1144369927
"ALISON WEISS, MD, LLC","Psychiatry & Neurology, Psychiatry",2500 W BRADLEY PL STE 100,CHICAGO,IL,60618,(224) 306-1879,www.alisonweissmd.com,contact@alisonweissmd.com,Solo or Small,Medium,1831753086
ALL MEDICAL 1 LLC,"Psychologist, Addiction (Substance Use Disorder); Psychologist, Clinical",105 N LARAMIE AVE.,CHICAGO,IL,60644,(847) 477-7502,www.allmedical1.com,contact@allmedical1.com,Solo or Small,Medium,1215465893
ALLEN M SIEGEL MD PC,"Psychologist, Psychoanalysis; Psychologist",122 SOUTH MICHIGAN AVE 1301B,CHICAGO,IL,60603,(312) 583-0905,www.allenmsiegelmdpc.com,contact@allenmsiegelmdpc.com,Solo or Small,Medium,1407973530
ATLAS BEHAVIORAL HEALTH PLLC,"Psychologist, Cognitive & Behavioral; Psychologist, Clinical",1732 W HUBBARD ST STE 1D,CHICAGO,IL,60622,(773) 270-3795,www.atlasbehavioralhealthpllc.com,contact@atlasbehavioralhealthpllc.com,Solo or Small,Medium,1427685379
BROTHERS HEALTH COLLECTIVE,"Psychologist, Counseling; Social Worker",2929 S WABASH AVE STE 202,CHICAGO,IL,60616,(773) 824-6228,www.brothershealthcollective.com,contact@brothershealthcollective.com,Solo or Small,Medium,1487015715
BUILD QUALITY LIFE,"Psychologist, Counseling",360 E SOUTH WATER ST # 1681,CHICAGO,IL,60601,(312) 447-9906,www.buildqualitylife.com,contact@buildqualitylife.com,Solo or Small,Medium,1891502555
CENTER FOR INTERSECTIONAL WELLBEING PLLC,"Psychologist, Counseling",5153 N CLARK ST STE 306,CHICAGO,IL,60640,(872) 302-7789,www.centerforintersectionalwellbeingpllc.com,contact@centerforintersectionalwellbeingpllc.com,Small Group,High,1821817925
"COURTNEY WELLS, PHD LLC DBA PIVOT PSYCHOLOGICAL SERVICES","Social Worker, Clinical; Psychologist, Counseling",4611 N RAVENSWOOD AVE STE 201,CHICAGO,IL,60640,(312) 868-0163,www.courtneywellsphddbapivotpsychologicalservices.com,contact@courtneywellsphddbapivotpsychologicalservices.com,Solo or Small,Medium,1437860343
CRT MEDICAL PC,"Counselor; Counselor, Professional",70 E LAKE ST FLOOR 13,CHICAGO,IL,60601,(312) 726-4011,www.crtmedicalpc.com,contact@crtmedicalpc.com,Solo or Small,Medium,1881018984
FINDING PEACE THERAPY PLLC,"Counselor; Counselor, Mental Health",1023 W DAKIN ST APT 3W,CHICAGO,IL,60613,(219) 677-8414,www.findingpeacetherapypllc.com,contact@findingpeacetherapypllc.com,Solo or Small,Medium,1750268926
GILEAD BEHAVIORAL HEALTH SERVICES INC,Psychologist; Psychologist,132 E 79TH ST,CHICAGO,IL,60619,(773) 487-0515,www.gileadbehavioralhealthservices.com,contact@gileadbehavioralhealthservices.com,Solo or Small,Medium,1093728867
"INFINITE POSITIVITY, INC.","Counselor; Counselor, Mental Health",203 N WABASH AVE SUITE 2106,CHICAGO,IL,60601,(312) 890-8136,www.infinitepositivity.com,contact@infinitepositivity.com,Solo or Small,Medium,1376726398
INHERENT WORTH COUNSELING PLLC,"Psychologist, Counseling",661 W LAKE ST STE 2S,CHICAGO,IL,60661,(872) 246-0779,www.inherentworthcounselingpllc.com,contact@inherentworthcounselingpllc.com,Solo or Small,Medium,1912764390
"JOHN P FRAMPTON, PC","Psychologist, School; Social Worker, Clinical",5100 N RAVENSWOOD AVE SUITE 225,CHICAGO,IL,60640,(773) 343-7960,www.johnpframptonpc.com,contact@johnpframptonpc.com,Solo or Small,Medium,1902277247
"LIGHT ON ANXIETY, P.C.","Counselor; Counselor, Mental Health",1438 W BELMONT AVE STE 1,CHICAGO,IL,60657,(312) 508-3645,www.lightonanxietypc.com,contact@lightonanxietypc.com,Solo or Small,Medium,1619308087
LYDIA HOME ASSOCIATION,"Counselor, Mental Health; Psychologist, Clinical",4300 W IRVING PARK RD #B COUNSELING CENTER,CHICAGO,IL,60641,(773) 736-1447,www.lydiahomeassociation.com,contact@lydiahomeassociation.com,Solo or Small,Medium,1316904956
"LYON HALL SERVICES, LLC","Counselor; Counselor, Mental Health",3411 W DIVERSEY AVE STE 5-6,CHICAGO,IL,60647,(773) 888-2016,www.lyonhallservices.com,contact@lyonhallservices.com,Solo or Small,Medium,1225596612
M3 WELLNESS AND COUNSELING SERVICES INC.,"Counselor, Addiction (Substance Use Disorder); Counselor, Mental Health",1433 E 67TH PL APT 2E,CHICAGO,IL,60637,(312) 513-7752,www.m3wellnessandcounselingservices.com,contact@m3wellnessandcounselingservices.com,Solo or Small,Medium,1710747548
MINDFUL BEHAVIOR LLC,"Psychologist, Counseling",6815 W 63RD ST,CHICAGO,IL,60638,(708) 304-3010,www.mindfulbehavior.com,contact@mindfulbehavior.com,Solo or Small,Medium,1558065300
DIGITAL CARE TEAM OF OH LLC,"Counselor; Counselor, Addiction (Substance Use Disorder)",3100 E 45TH ST STE 511,CLEVELAND,OH,44127,(833) 825-5328,www.digitalcareteamofoh.com,contact@digitalcareteamofoh.com,Solo or Small,Medium,1649981887
"ADAPT OF ILLINOIS, INC.","Clinic/Center, Mental Health (Including Community Mental Health Center)",430 S FRONT ST,COBDEN,IL,62920,(877) 553-9440,www.adaptofillinois.com,contact@adaptofillinois.com,Solo or Small,Medium,1366734923
"ADAPT OF ILLINOIS, INC.","Clinic/Center, Mental Health (Including Community Mental Health Center)",614 SUMMIT AVE,COLLINSVILLE,IL,62234,(877) 553-9440,www.adaptofillinois.com,contact@adaptofillinois.com,Solo or Small,Medium,1013209675
JESSICA WHELAN LLC,"Counselor; Psychologist, Counseling",207 N MAIN ST STE 109B,COLUMBIA,IL,62236,(314) 470-1220,www.jessicawhelan.com,contact@jessicawhelan.com,Solo or Small,Medium,1760018774
LIVINDI MEDICAL GROUP ILLINOIS PLLC,"Psychologist, Counseling; Social Worker, Clinical",1328 MAIN ST,CRETE,IL,60417,(508) 416-6026,www.livindimedicalgroupillinoispllc.com,contact@livindimedicalgroupillinoispllc.com,Small Group,High,1457038994
DAYBREAK MEDICAL PA,"Counselor; Counselor, Mental Health",325 N SAINT PAUL ST STE 3100,DALLAS,TX,75201,(415) 992-6155,www.daybreakmedicalpa.com,contact@daybreakmedicalpa.com,Solo or Small,Medium,1255060091
A & E BEHAVIORAL HEALTH CARE ASSOCIATES PC,Counselor; Psychologist,2570 FEDERAL DRIVE,DECATUR,IL,62526,(217) 872-1003,www.aebehavioralhealthcareassociatespc.com,contact@aebehavioralhealthcareassociatespc.com,Small Group,High,1023171006
"AARON MARSH COUNSELING, INC.","Clinic/Center, Mental Health (Including Community Mental Health Center)",707 MALLARD LN,DEERFIELD,IL,60015,(312) 282-9666,www.aaronmarshcounseling.com,contact@aaronmarshcounseling.com,Solo or Small,Medium,1760141006
ALEKSANDR DEKHTYAR MD SC,"Psychiatry & Neurology, Psychiatry",614 MARTIN LN,DEERFIELD,IL,60015,(224) 805-6085,www.aleksandrdekhtyarmdsc.com,contact@aleksandrdekhtyarmdsc.com,Solo or Small,Medium,1801091582
ACCENDO WELLNESS INC.,"Counselor, Mental Health",3915 SARATOGA AVE APT 208,DOWNERS GROVE,IL,60515,(630) 341-0365,www.accendowellness.com,contact@accendowellness.com,Solo or Small,Medium,1265145379
ALAIRE PSYCHIATRY,"Psychiatry & Neurology, Psychiatry",3825 HIGHLAND AVE STE 3K,DOWNERS GROVE,IL,60515,(630) 614-1227,www.alairepsychiatry.com,contact@alairepsychiatry.com,Solo or Small,Medium,1346060191
IRVING AND ASSOCIATES IN BEHAVIORAL HEALTH PC,"Counselor, Professional; Psychologist, Counseling",5201 WASHINGTON ST STE 2,DOWNERS GROVE,IL,60515,(630) 241-5689,www.irvingandassociatesinbehavioralhealthpc.com,contact@irvingandassociatesinbehavioralhealthpc.com,Small Group,High,1861772428
ABBY BOTTORFF COUNSELING,"Clinic/Center, Mental Health (Including Community Mental Health Center)",880 LOCUST ST STE 135,DUBUQUE,IA,52001,(563) 293-1402,www.abbybottorffcounseling.com,contact@abbybottorffcounseling.com,Solo or Small,Medium,1467253278
ABC COUNSELING & FAMILY SERVICES,"Clinic/Center, Mental Health (Including Community Mental Health Center)",111 W. WASHINGTON ST. SUITE 410B,EAST PEORIA,IL,61611,(309) 694-1596,www.abccounselingfamilyservices.com,contact@abccounselingfamilyservices.com,Small Group,High,1083128474
ACCESS NEUROCARE PC,"Psychiatry & Neurology, Neurology; Psychiatry & Neurology, Neurology",750 FLETCHER DRIVE SUITE 204,ELGIN,IL,60123,(847) 931-4626,www.accessneurocarepc.com,contact@accessneurocarepc.com,Solo or Small,Medium,1306948534
ADVANCED NEUROLOGY & SLEEP CLINIC LLC,"Psychiatry & Neurology, Neurology",40 N AIRLITE ST STE 4,ELGIN,IL,60123,(847) 628-9977,www.advancedneurologysleepclinic.com,contact@advancedneurologysleepclinic.com,Small Group,High,1407196256
AKUOU HEALTHCARE SERVICES LLC,"Psychiatry & Neurology, Psychiatry",2250 POINT BLVD STE 335,ELGIN,IL,60123,(224) 629-8975,www.akuouhealthcareservices.com,contact@akuouhealthcareservices.com,Solo or Small,Medium,1699637652
A HOME FOR HEALING PLLC,"Clinic/Center, Mental Health (Including Community Mental Health Center)",381 N YORK ST STE 20,ELMHURST,IL,60126,(708) 320-8764,www.ahomeforhealingpllc.com,contact@ahomeforhealingpllc.com,Solo or Small,Medium,1831880210
"ALAN M. ROBERTSON M.D., S.C.","Psychiatry & Neurology, Psychiatry",220 S LINDEN AVE,ELMHURST,IL,60126,(630) 359-5290,www.alanmrobertsonmdsc.com,contact@alanmrobertsonmdsc.com,Solo or Small,Medium,1609994797
AEQUI BALANCE COUNSELING,"Clinic/Center, Adult Mental Health; Clinic/Center, Adolescent and Children Mental Health",1557 SHERMAN AVE STE 4,EVANSTON,IL,60201,(773) 964-8037,www.aequibalancecounseling.com,contact@aequibalancecounseling.com,Solo or Small,Medium,1417690249
LACKEY GROUP,"Counselor, Mental Health; Psychologist, Counseling",1603 ORRINGTON AVE STE 600,EVANSTON,IL,60201,(312) 585-7409,www.lackeygroup.com,contact@lackeygroup.com,Small Group,High,1962104372
ADVANCED PSYCHIATRIC SERVICES SC,"Psychiatry & Neurology, Psychiatry",8311 ROOSEVELT RD,FOREST PARK,IL,60130,(708) 771-7000,www.advancedpsychiatricservicessc.com,contact@advancedpsychiatricservicessc.com,Solo or Small,Medium,1215982509
BELIEVE IN THE CHILDREN,"Psychologist, Counseling; Case Management",1401 CRESTWOOD DR,FREEPORT,IL,61032,(815) 837-1500,www.believeinthechildren.com,contact@believeinthechildren.com,Solo or Small,Medium,1053111955
"AFFECT PROVIDER GROUP, P.S.C.","Psychologist, Counseling; Social Worker",127 S 1ST ST STE 205,GENEVA,IL,60134,(845) 769-8758,www.affectprovidergrouppsc.com,contact@affectprovidergrouppsc.com,Small Group,High,1760373005
"AFFECT THERAPEUTICS, INC.","Social Worker, Clinical; Counselor, Mental Health",127 S 1ST ST STE 205,GENEVA,IL,60134,(845) 769-8758,www.affecttherapeutics.com,contact@affecttherapeutics.com,Solo or Small,Medium,1740071646
ADVANCED PRACTICE MEDICAL GROUP LLC,"Preventive Medicine, Addiction Medicine; Nurse Practitioner",1500 WAUKEGAN RD STE 213,GLENVIEW,IL,60025,(630) 656-4307,www.advancedpracticemedicalgroup.com,contact@advancedpracticemedicalgroup.com,Small Group,High,1386220184
IN SESSION COUNSELING LLC,"Counselor, Professional; Psychologist, Counseling",2842 45TH ST STE A,HIGHLAND,IN,46322,(219) 228-8799,www.insessioncounseling.com,contact@insessioncounseling.com,Solo or Small,Medium,1962919886
"ALEX MIRMAN, MD, PLLC","Psychiatry & Neurology, Psychiatry",2206 KIPLING LN,HIGHLAND PARK,IL,60035,(847) 209-7444,www.alexmirmanmdpllc.com,contact@alexmirmanmdpllc.com,Solo or Small,Medium,1033005020
GENEVIEVE NEHRT LLC,"Psychologist, Counseling",1811 SAINT JOHNS AVE STE 204,HIGHLAND PARK,IL,60035,(224) 622-0619,www.genevievenehrt.com,contact@genevievenehrt.com,Solo or Small,Medium,1790413383
"ADVANCED BEHAVIORAL CENTERS OF DUPAGE, LLC","Counselor, Professional; Psychologist",501 W. OGDEN AVENUE SUITE 1,HINSDALE,IL,60521,(773) 906-4546,www.advancedbehavioralcentersofdupage.com,contact@advancedbehavioralcentersofdupage.com,Small Group,High,1477618668
"ADVENTIST HEALTH PARTNERS, INC","Psychiatry & Neurology, Neurology",908 N ELM ST 202,HINSDALE,IL,60521,(630) 856-8640,www.adventisthealthpartners.com,contact@adventisthealthpartners.com,Small Group,High,1033490651
"ADVENTIST HEALTH PARTNERS, INC","Psychiatry & Neurology, Psychiatry",908 N ELM ST STE 208,HINSDALE,IL,60521,(224) 273-5870,www.adventisthealthpartners.com,contact@adventisthealthpartners.com,Small Group,High,1194149104
ADVENTIST MIDWEST HEALTH,"Social Worker, Clinical; Dermatology",135 N OAK ST,HINSDALE,IL,60521,(630) 856-8900,www.adventistmidwesthealth.com,contact@adventistmidwesthealth.com,Solo or Small,Medium,1366579443
"A BETTER YOU COUNSELING, PLLC","Counselor, Mental Health; Social Worker, Clinical",3150 W HIGGINS RD STE 160,HOFFMAN ESTATES,IL,60169,(773) 945-6819,www.abetteryoucounselingpllc.com,contact@abetteryoucounselingpllc.com,Solo or Small,Medium,1861012775
ACE COUNSELING GROUP LLC,"Counselor, Mental Health",14007 S BELL RD STE 183,HOMER GLEN,IL,60491,(708) 553-0602,www.acecounselinggroup.com,contact@acecounselinggroup.com,Small Group,High,1194341586
A BRIDGE 2 HEALING THERAPEUTIC SERVICES,"Clinic/Center, Mental Health (Including Community Mental Health Center); Counselor, Addiction (Substance Use Disorder)",930 175TH ST,HOMEWOOD,IL,60430,(708) 831-3943,www.abridge2healingtherapeuticservices.com,contact@abridge2healingtherapeuticservices.com,Solo or Small,Medium,1801508528
DR KENNETH T WASHINGTON PLLC,"Psychologist, Counseling",18237 KEDZIE AVE,HOMEWOOD,IL,60430,(708) 433-9779,www.drkennethtwashingtonpllc.com,contact@drkennethtwashingtonpllc.com,Solo or Small,Medium,1649861014
"INSIGHTS THERAPEUTIC SERVICES, LLC","Psychologist, Counseling",935 175TH ST STE 300,HOMEWOOD,IL,60430,(312) 818-1260,www.insightstherapeuticservices.com,contact@insightstherapeuticservices.com,Solo or Small,Medium,1750921078
HEALTH READINESS RESOURCES BEHAVIORAL HEALTH,"Counselor, Mental Health; Counselor, Professional",758 KAPAHULU AVE # 100-1213,HONOLULU,HI,96816,(877) 387-1018,www.healthreadinessresourcesbehavioralhealth.com,contact@healthreadinessresourcesbehavioralhealth.com,Solo or Small,Medium,1669295937
ADB COUNSELING LLC,"Clinic/Center, Mental Health (Including Community Mental Health Center); Clinic/Center, Adult Mental Health",1618 W COLONIAL PKWY STE 130,INVERNESS,IL,60067,(312) 529-0913,www.adbcounseling.com,contact@adbcounseling.com,Solo or Small,Medium,1629853130
"167 COUNSELING SERVICES, PLLC","Counselor, Mental Health",910 PASTURE ROSE ST,JOLIET,IL,60431,(505) 510-2211,www.167counselingservicespllc.com,contact@167counselingservicespllc.com,Solo or Small,Medium,1124745450
JOANNE E HATTENDORF ED D LLC,"Psychologist, Counseling",200 N HAMMES AVE SUITE 3,JOLIET,IL,60435,(815) 744-8253,www.joanneehattendorfedd.com,contact@joanneehattendorfedd.com,Solo or Small,Medium,1083916688
MEIER CLINICS OF CALIFORNIA,"Psychologist, Counseling",360 EAST AVENUE SUITE 200,KETCHUM,ID,83340,(208) 720-9342,www.meierclinicsofcalifornia.com,contact@meierclinicsofcalifornia.com,Small Group,High,1538583869
LAMCO WELLNESS,"Psychologist, Counseling; Social Worker, Clinical",403 S LA GRANGE RD,LA GRANGE,IL,60525,(630) 621-0172,www.lamcowellness.com,contact@lamcowellness.com,Solo or Small,Medium,1386452019
"911 WELLNESS GROUP, LLC.","Clinic/Center, Mental Health (Including Community Mental Health Center)",765 ELA RD STE 300,LAKE ZURICH,IL,60047,(847) 550-4520,www.911wellnessgroup.com,contact@911wellnessgroup.com,Small Group,High,1871329938
BARRINGTON BEHAVIORAL HEALTH & WELLNESS PC,"Psychologist, Counseling",290 N RAND RD,LAKE ZURICH,IL,60047,(773) 220-3001,www.barringtonbehavioralhealthwellnesspc.com,contact@barringtonbehavioralhealthwellnesspc.com,Small Group,High,1851675631
ACTUALLY ME THERAPY AND CONSULTATION PLLC,"Counselor, Mental Health; Clinic/Center, Mental Health (Including Community Mental Health Center)",17941 WENTWORTH AVE OFC 1,LANSING,IL,60438,(708) 501-7442,www.actuallymetherapyandconsultationpllc.com,contact@actuallymetherapyandconsultationpllc.com,Solo or Small,Medium,1063132108
INSIGHT THERAPY SOLUTIONS LLC,"Counselor; Counselor, Addiction (Substance Use Disorder)",2320 PASEO DEL PRADO STE B208,LAS VEGAS,NV,89102,(702) 685-0877,www.insighttherapysolutions.com,contact@insighttherapysolutions.com,Solo or Small,Medium,1639414279
"ADULT MENTAL HEALTH SERVICES, INC","Psychiatry & Neurology, Psychiatry",3333 WARRENVILLE RD SUITE 200,LISLE,IL,60532,(630) 962-4457,www.adultmentalhealthservices.com,contact@adultmentalhealthservices.com,Solo or Small,Medium,1952572026
A NEW DAY COUNSELING CENTER LTD,"Counselor, Mental Health",2 E 22ND ST STE 302,LOMBARD,IL,60148,(630) 853-0766,www.anewdaycounselingcenterltd.com,contact@anewdaycounselingcenterltd.com,Small Group,High,1518382977
A PLUS EXTENDED THERAPY INC,"Psychologist, Clinical; Psychiatry & Neurology, Psychiatry",1920 S HIGHLAND AVE STE 314,LOMBARD,IL,60148,(708) 704-0000,www.aplusextendedtherapy.com,contact@aplusextendedtherapy.com,Solo or Small,Medium,1386951812
FAZAL AHMED MD PC,"Psychologist; Psychologist, Cognitive & Behavioral",2340 S HIGHLAND AVE SUITE 370,LOMBARD,IL,60148,(630) 519-3092,www.fazalahmedmdpc.com,contact@fazalahmedmdpc.com,Solo or Small,Medium,1649567231
16TH STREET COMMUNITY HEALTH CENTER INC.,Counselor; Psychologist,1032 S CESAR E CHAVEZ DR,MILWAUKEE,WI,53204,(414) 672-1353,www.16thstreetcommunityhealthcenter.com,contact@16thstreetcommunityhealthcenter.com,Small Group,High,1417912999
"AGAPE COUNSELING, LTD","Counselor; Counselor, Addiction (Substance Use Disorder)",75 E QUEENWOOD RD,MORTON,IL,61550,(309) 263-5565,www.agapecounselingltd.com,contact@agapecounselingltd.com,Solo or Small,Medium,1821070434
"ADVANCED NEUROPSYCHIATRIC SERVICES OF NORTHWEST INDIANA, LLC","Psychiatry & Neurology, Psychiatry",419 RIDGE RD STE E,MUNSTER,IN,46321,(630) 728-6247,www.advancedneuropsychiatricservicesofnorthwestindiana.com,contact@advancedneuropsychiatricservicesofnorthwestindiana.com,Solo or Small,Medium,1568181998
AANYA HEALTH SERVICES PLLC,"Counselor, Mental Health; Clinical Neuropsychologist",1552 S ROUTE 59 SUITE # 1283,NAPERVILLE,IL,60564,(630) 296-5251,www.aanyahealthservicespllc.com,contact@aanyahealthservicespllc.com,Solo or Small,Medium,1679394852
ABUNDANCE THERAPY LLC,"Psychologist; Clinic/Center, Mental Health (Including Community Mental Health Center)",1555 NAPERVILLE WHEATON RD STE 209F,NAPERVILLE,IL,60563,(630) 283-8111,www.abundancetherapy.com,contact@abundancetherapy.com,Solo or Small,Medium,1770253205
ADONAI & ME COUNSELING LLC,"Social Worker; Counselor, Mental Health",2512 BLAKELY LN,NAPERVILLE,IL,60540,(630) 296-4025,www.adonaimecounseling.com,contact@adonaimecounseling.com,Small Group,High,1225764194
ADVANCED BEHAVIORAL HEALTH SERVICES LLC,"Psychiatry & Neurology, Neurology",1952 MC DOWELL RD STE 305,NAPERVILLE,IL,60563,(630) 689-1022,www.advancedbehavioralhealthservices.com,contact@advancedbehavioralhealthservices.com,Solo or Small,Medium,1447545579
"ADVANCED MIDWEST INSTITUTE FOR COUNSELING AND PSYCHOTHERAPY, LLC","Counselor, Mental Health; Counselor, Professional",1717 N NAPER BLVD SUITE 200,NAPERVILLE,IL,60563,(630) 270-2061,www.advancedmidwestinstituteforcounselingandpsychotherapy.com,contact@advancedmidwestinstituteforcounselingandpsychotherapy.com,Solo or Small,Medium,1962633909
DR GERALD MCCALLUM INC,"Psychologist; Psychologist, Cognitive & Behavioral",1560 WALL ST,NAPERVILLE,IL,60563,(630) 983-8400,www.drgeraldmccallum.com,contact@drgeraldmccallum.com,Solo or Small,Medium,1568177343
"EMPOWERED MINDS TODAY, PC","Psychologist, Addiction (Substance Use Disorder); Psychologist, Adult Development & Aging",932 COLETTA CIR,NAPERVILLE,IL,60563,(331) 444-2505,www.empoweredmindstodaypc.com,contact@empoweredmindstodaypc.com,Solo or Small,Medium,1104682129
GREENPATH CLINIC,"Psychologist, Counseling",2132 DEEP WATER LN STE 240,NAPERVILLE,IL,60564,(630) 272-5149,www.greenpathclinic.com,contact@greenpathclinic.com,Small Group,High,1356971170
HUMAN SERVICES CONSULTING GROUP INC,"Counselor; Counselor, Mental Health",800 W 5TH AVE SUITE 205 I,NAPERVILLE,IL,60563,(630) 779-0751,www.humanservicesconsultinggroup.com,contact@humanservicesconsultinggroup.com,Small Group,High,1467556571
AA PSYCHOLOGY PLLC,"Counselor, Mental Health; Psychologist",600 3RD AVE FL 2,NEW YORK,NY,10016,(212) 547-8861,www.aapsychologypllc.com,contact@aapsychologypllc.com,Solo or Small,Medium,1932975919
ABC COUNSELING & FAMILY SERVICES INC,"Clinic/Center, Mental Health (Including Community Mental Health Center)",705 E LINCOLN STE 303,NORMAL,IL,61761,(309) 451-9495,www.abccounselingfamilyservices.com,contact@abccounselingfamilyservices.com,Small Group,High,1437217114
DISCOVERY OF HOPE COUNSELING AND PSYCHOLOGICAL SERVICES PLLC,"Counselor, Mental Health; Counselor, Professional",706 OGLESBY AVE STE 105,NORMAL,IL,61761,(312) 620-3643,www.discoveryofhopecounselingandpsychologicalservicespllc.com,contact@discoveryofhopecounselingandpsychologicalservicespllc.com,Solo or Small,Medium,1538923842
"ADAPT OF ILLINOIS, INC.","Clinic/Center, Mental Health (Including Community Mental Health Center)",310 BANBURY RD,NORTH AURORA,IL,60542,(877) 553-9440,www.adaptofillinois.com,contact@adaptofillinois.com,Solo or Small,Medium,1356633911
ALEXANDER TIMCHAK MD LLC,"Psychiatry & Neurology, Child & Adolescent Psychiatry; Psychiatry & Neurology, Psychiatry",60 REVERE DR STE 100,NORTHBROOK,IL,60062,(708) 207-4580,www.alexandertimchakmd.com,contact@alexandertimchakmd.com,Solo or Small,Medium,1891113734
ADVANCED PSYCHIATRIC SOLUTIONS INC.,"Clinic/Center, Adult Mental Health; Psychiatry & Neurology, Psychiatry",1200 HARGER RD STE 200,OAK BROOK,IL,60523,(630) 607-0387,www.advancedpsychiatricsolutions.com,contact@advancedpsychiatricsolutions.com,Solo or Small,Medium,1548791452
ADVANCED THERAPEUTIC SOLUTIONS,"Counselor, Mental Health; Counselor, Professional",600 W 22ND STREET SUITE 250,OAK BROOK,IL,60523,(630) 230-6505,www.advancedtherapeuticsolutions.com,contact@advancedtherapeuticsolutions.com,Solo or Small,Medium,1215223318
AHMED HUSSAIN LTD,"Psychiatry & Neurology, Psychiatry",2 BAYBROOK LN,OAK BROOK,IL,60523,(773) 370-8177,www.ahmedhussainltd.com,contact@ahmedhussainltd.com,Solo or Small,Medium,1225160567
GENESIS THERAPY CENTER,"Counselor, Mental Health; Psychologist","6006 W. 159TH STREET, BLDG. C",OAK FOREST,IL,60452,(708) 535-7320,www.genesistherapycenter.com,contact@genesistherapycenter.com,Small Group,High,1447264890
ADVOCATE HEALTHCARE,"Counselor, Mental Health",4700 W 95TH ST STE LL5,OAK LAWN,IL,60453,(800) 216-1110,www.advocatehealthcare.com,contact@advocatehealthcare.com,Solo or Small,Medium,1992172464
"180 WHOLE HEALTH, LLC","Counselor, Mental Health",837 N LOMBARD AVE,OAK PARK,IL,60302,(773) 800-6714,www.180wholehealth.com,contact@180wholehealth.com,Solo or Small,Medium,1720897333
A BEAUTIFUL MIND PSYCHIATRY PLLC,"Clinic/Center, Mental Health (Including Community Mental Health Center)",20280 GOVERNORS HWY STE 106,OLYMPIA FIELDS,IL,60461,(708) 729-9006,www.abeautifulmindpsychiatrypllc.com,contact@abeautifulmindpsychiatrypllc.com,Solo or Small,Medium,1316799729
AIDA MIHAJLOVIC MD INC,"Psychiatry & Neurology, Psychiatry",3700 W 203RD ST SUITE 308,OLYMPIA FIELDS,IL,60461,(708) 481-8290,www.aidamihajlovicmd.com,contact@aidamihajlovicmd.com,Solo or Small,Medium,1891710026
"A CONSCIOUS MIND THERACOACHING, PLLC","Counselor, Mental Health",16950 89TH AVE,ORLAND HILLS,IL,60487,(708) 261-5728,www.aconsciousmindtheracoachingpllc.com,contact@aconsciousmindtheracoachingpllc.com,Solo or Small,Medium,1407545429
ADVANCED TREATMENT CENTER INC,"Psychiatry & Neurology, Psychiatry",7818 BRAELOCH CT,ORLAND PARK,IL,60462,(708) 444-1123,www.advancedtreatmentcenter.com,contact@advancedtreatmentcenter.com,Small Group,High,1346550662
AFFECTIVE RESOLUTIONS,"Counselor, Mental Health; Counselor, Professional",44 MONROE ST,OSWEGO,IL,60543,(630) 204-1101,www.affectiveresolutions.com,contact@affectiveresolutions.com,Solo or Small,Medium,1841521515
"A REJUVENATED MIND BEHAVIORAL HEALTH, LLC","Counselor, Mental Health",50 N BROCKWAY ST STE 3-1,PALATINE,IL,60067,(224) 877-1730,www.arejuvenatedmindbehavioralhealth.com,contact@arejuvenatedmindbehavioralhealth.com,Solo or Small,Medium,1730607730
LINDA S LEVI LCPC LLC,"Counselor; Psychologist, Counseling",1580 N NORTHWEST HWY SUITE 117,PARK RIDGE,IL,60068,(847) 824-9590,www.lindaslevilcpc.com,contact@lindaslevilcpc.com,Solo or Small,Medium,1962704064
6 2 COUNSELING,"Counselor, Mental Health",3106 N SHERWOOD AVE,PEORIA,IL,61604,(309) 306-2524,www.62counseling.com,contact@62counseling.com,Solo or Small,Medium,1306616602
6 2 COUNSELING LLC,"Counselor, Mental Health",3106 N SHERWOOD AVE,PEORIA,IL,61604,(309) 306-2524,www.62counseling.com,contact@62counseling.com,Solo or Small,Medium,1386415461
AEON SOCIAL EMOTIONAL HEALTH LTD.,"Counselor, Mental Health",2000 W PIONEER PKWY SUITE 10 A,PEORIA,IL,61615,(309) 573-4834,www.aeonsocialemotionalhealthltd.com,contact@aeonsocialemotionalhealthltd.com,Solo or Small,Medium,1417251729
A RAY OF HOPE MENTAL HEALTH SERVICES,"Counselor, Mental Health",15003 ILLINOIS ROUTE 59,PLAINFIELD,IL,60544,(779) 803-4015,www.arayofhopementalhealthservices.com,contact@arayofhopementalhealthservices.com,Solo or Small,Medium,1811747538
GARDEN HEALTH GROUP LLC,"Counselor, Addiction (Substance Use Disorder); Counselor, Mental Health",414 CLINTON PLACE SUITE 106,RIVER FOREST,IL,60305,(708) 866-6766,www.gardenhealthgroup.com,contact@gardenhealthgroup.com,Small Group,High,1639975881
ACACIA ROOTS COUNSELING LLC,"Clinic/Center, Adult Mental Health; Clinic/Center, Adolescent and Children Mental Health",84 E BURLINGTON ST UNIT 2,RIVERSIDE,IL,60546,(708) 232-3550,www.acaciarootscounseling.com,contact@acaciarootscounseling.com,Solo or Small,Medium,1205595477
"ADAPT OF ILLINOIS, INC.","Clinic/Center, Mental Health (Including Community Mental Health Center)",321 ARNOLD AVE,ROCKFORD,IL,61108,(877) 553-9440,www.adaptofillinois.com,contact@adaptofillinois.com,Solo or Small,Medium,1629360284
ADEWELL HOLISTIC HEALTH & MEDICAL CLINIC LLC,"Clinic/Center, Mental Health (Including Community Mental Health Center); Nurse Practitioner",1833 HICKS RD STE D,ROLLING MEADOWS,IL,60008,(847) 610-9400,www.adewellholistichealthmedicalclinic.com,contact@adewellholistichealthmedicalclinic.com,Small Group,High,1073388104
EMERGENCE PSYCHOLOGICAL SERVICES,"Psychologist, Counseling; Community/Behavioral Health",1131 THORNWOOD DR,SAINT LOUIS,MO,63124,(314) 800-4215,www.emergencepsychologicalservices.com,contact@emergencepsychologicalservices.com,Solo or Small,Medium,1194140756
ACHIEVE THERAPY PLLC,"Counselor, Mental Health; Social Worker, Clinical",1393 SANDWICH DR,SANDWICH,IL,60548,(630) 551-5062,www.achievetherapypllc.com,contact@achievetherapypllc.com,Solo or Small,Medium,1891505061
DIGITAL CARE TEAM OF NM LLC,"Counselor; Counselor, Mental Health",1836B CERRILLOS RD # 1A,SANTA FE,NM,87505,(773) 817-5928,www.digitalcareteamofnm.com,contact@digitalcareteamofnm.com,Solo or Small,Medium,1669186177
ABC COUNSELING & FAMILY SERVICES,"Clinic/Center, Mental Health (Including Community Mental Health Center)",1800A WOODFIELD DR SUITE B,SAVOY,IL,61874,(217) 403-0790,www.abccounselingfamilyservices.com,contact@abccounselingfamilyservices.com,Small Group,High,1366956724
A ACCEPTANCE CENTER CORP.,"Counselor, Mental Health",200 W HIGGINS RD STE 316,SCHAUMBURG,IL,60195,(847) 541-2233,www.aacceptancecentercorp.com,contact@aacceptancecentercorp.com,Small Group,High,1447908561
ADRIENNE M BALSAM MD SC,"Psychiatry & Neurology, Psychiatry",9669 KENTON AVE SUITE 209,SKOKIE,IL,60076,(847) 933-0455,www.adriennembalsammdsc.com,contact@adriennembalsammdsc.com,Solo or Small,Medium,1578516035
ADULT AND PEDIATRIC NEUROLOGY,"Psychiatry & Neurology, Neurology with Special Qualifications in Child Neurology",9933 LAWLER AVE STE 313,SKOKIE,IL,60077,(847) 450-7737,www.adultandpediatricneurology.com,contact@adultandpediatricneurology.com,Solo or Small,Medium,1720532773
INSPIRE SENIOR CARE,"Counselor, Mental Health; Psychologist",9007 SAFE HAVEN PL,SPRING HILL,TN,37174,(615) 489-9972,www.inspireseniorcare.com,contact@inspireseniorcare.com,Solo or Small,Medium,1730627795
1402 COCKRELL LLC,"Clinic/Center, Adult Mental Health; Clinic/Center, Rehabilitation, Substance Use Disorder",4012 COCKRELL LN,SPRINGFIELD,IL,62711,(847) 324-3543,www.1402cockrell.com,contact@1402cockrell.com,Solo or Small,Medium,1184590747
A NEW BEGINNING THERAPY PLLC,"Clinic/Center, Mental Health (Including Community Mental Health Center)",2501 CHATHAM RD STE N,SPRINGFIELD,IL,62704,(630) 456-3803,www.anewbeginningtherapypllc.com,contact@anewbeginningtherapypllc.com,Solo or Small,Medium,1548957806
BAHN AND ASSOCIATES INC,"Psychologist, Clinical; Psychologist, Counseling",1220 S 7TH ST,SPRINGFIELD,IL,62703,(217) 679-5379,www.bahnandassociates.com,contact@bahnandassociates.com,Small Group,High,1932408929
EVOLVE FAMILY THERAPY LLC,"Psychologist, Counseling",333 N RANDALL RD # 105-B,ST CHARLES,IL,60174,(845) 857-7840,www.evolvefamilytherapy.com,contact@evolvefamilytherapy.com,Solo or Small,Medium,1245997832
LAMCO WELLNESS,"Social Worker, Clinical; Psychiatry & Neurology, Behavioral Neurology & Neuropsychiatry",2850 34THST N # 1255,ST PETERSBURG,FL,33713,(708) 232-8853,www.lamcowellness.com,contact@lamcowellness.com,Solo or Small,Medium,1851103527
24-7 CLINIC CORP,Internal Medicine; Home Health,1645 S. GREENMEADOWS BLVD,STREAMWOOD,IL,60107,(815) 519-1788,www.247cliniccorp.com,contact@247cliniccorp.com,Small Group,High,1417547134
"ALEKSANDAR KONDIC, INC","Psychiatry & Neurology, Psychiatry",309 N OLTENDORF RD,STREAMWOOD,IL,60107,(630) 855-5155,www.aleksandarkondic.com,contact@aleksandarkondic.com,Solo or Small,Medium,1235381906
"BRADEN COUNSELING CENTER, P.C.","Psychologist, Counseling; Counselor, Mental Health",1815 MEDITERRANEAN DR,SYCAMORE,IL,60178,(815) 787-9000,www.bradencounselingcenterpc.com,contact@bradencounselingcenterpc.com,Small Group,High,1518026434
FOSTER COUNSELING PLLC,"Counselor, Professional; Psychologist, Counseling",114 W STATE ST,SYCAMORE,IL,60178,(779) 800-5024,www.fostercounselingpllc.com,contact@fostercounselingpllc.com,Solo or Small,Medium,1104585678
AG BEHAVIORAL HEALTH AND CONSULTING LLC,"Clinic/Center, Adolescent and Children Mental Health; Counselor, Mental Health",175 E HAWTHORN PKWY STE 175,VERNON HILLS,IL,60061,(224) 424-0432,www.agbehavioralhealthandconsulting.com,contact@agbehavioralhealthandconsulting.com,Solo or Small,Medium,1437840964
"ACCEPTANCE AND HEALING THERAPY CENTER, LLC","Clinic/Center, Mental Health (Including Community Mental Health Center)",1302 WATSON BLVD # 1107,WARNER ROBINS,GA,31093,(773) 887-0500,www.acceptanceandhealingtherapycenter.com,contact@acceptanceandhealingtherapycenter.com,Small Group,High,1245089945
16TH STREET COMMUNITY HEALTH CENTER INC.,Counselor; Psychologist,309 E NORTH ST,WAUKESHA,WI,53188,(414) 672-1353,www.16thstreetcommunityhealthcenter.com,contact@16thstreetcommunityhealthcenter.com,Small Group,High,1144593815
"MEIER CLINICS OF ILLINOIS, P.C.","Counselor, Mental Health; Psychologist, Cognitive & Behavioral",2100 MANCHESTER RD SUITE 1510,WHEATON,IL,60187,(630) 653-1717,www.meierclinicsofillinoispc.com,contact@meierclinicsofillinoispc.com,Small Group,High,1104834613
ADVANCED NEURO DIAGNOSTICS LTD,"Psychiatry & Neurology, Neurology",350 E DUNDEE RD SUITE 315,WHEELING,IL,60090,(224) 676-0547,www.advancedneurodiagnosticsltd.com,contact@advancedneurodiagnosticsltd.com,Solo or Small,Medium,1740209972
83RD PROFESSIONAL GROUP LLC,"Social Worker, Clinical; Psychiatry & Neurology, Psychiatry",6723 KINGREY HIGHWAY,WILLOWBROOK,IL,60527,(630) 850-0600,www.83rdprofessionalgroup.com,contact@83rdprofessionalgroup.com,Small Group,High,1518346170
247DCT,"Psychologist; Psychologist, Addiction (Substance Use Disorder)",343 N WOOD DALE RD STE 201,WOOD DALE,IL,60191,(773) 322-9581,www.247dct.com,contact@247dct.com,Solo or Small,Medium,1669104832
247DCT LLC,"Counselor; Clinic/Center, Mental Health (Including Community Mental Health Center)",343 N WOOD DALE RD # 201A,WOOD DALE,IL,60191,(773) 817-5928,www.247dct.com,contact@247dct.com,Solo or Small,Medium,1013621523
"A & M COUNSELING, PC","Counselor, Mental Health",114 WHITELAW AVE,WOOD RIVER,IL,62095,(618) 251-4225,www.amcounselingpc.com,contact@amcounselingpc.com,Small Group,High,1154634632
BEAL CONSULTING AND COUNSELING LLC,"Psychologist, Counseling; Social Worker",3540 SEVEN BRIDGES DR STE 330,WOODRIDGE,IL,60517,(708) 232-8550,www.bealconsultingandcounseling.com,contact@bealconsultingandcounseling.com,Solo or Small,Medium,1033923941
"A LITTLE HELP, LLC","Counselor, Mental Health",11761 W 11TH ST,ZION,IL,60099,(262) 909-0356,www.alittlehelp.com,contact@alittlehelp.com,Solo or Small,Medium,1740857036
